title,price,rating,reviews,brand,ram,storage,processor,windows,screen_size,color
"HP Omnibook 5 OLED, Snapdragon X Processor (16GB LPDDR5x,1TB SSD) 2K OLED, Micro-Edge, 16''/40.6cm, Win11, M365*Office24, Glacier Silver, 1.59kg, fb0001QU, FHD Camera, Backlit, Next-Gen AI Laptop",69990.0,4.1,,HP,,1TB SSD,,Windows 11,16,Silver
"Primebook 2 Neo 2025 (New Launch) | 6GB RAM, 128GB Storage (Upgradable Upto 512GB) | MediaTek Helio G99 | Android 15 (PrimeOS3.0) | in-Built AI | 11.6” Thin & Light Laptop | Type-C, USB, MicroSD Ports",15990.0,4.4,,Primebook,6GB,,,,,
"BrowseBook 14.1"" FHD IPS Laptop | Best Student & Office Work Laptop | Celeron N4020 | 4GB RAM | 128GB SSD | Windows 11 | 38Wh | 1.3kg | Grey",12990.0,3.0,,BrowseBook,4GB,128GB SSD,,Windows 11,14.1,Grey
"HP 15, 13th Gen Intel Core i3-1315U (12GB DDR4, 512GB SSD) FHD, Anti-Glare, Micro-Edge, 15.6''/39.6cm, Win11, M365 Basic(1yr)* Office24, Silver, 1.59kg, fd0573TU, FHD Camera w/Shutter Laptop",41990.0,4.1,,HP,,512GB SSD,i3,Windows 11,15.6,Silver
"EBook 11.6"" HD Laptop | Best Student & Office Work Laptop | Celeron N4020 | 4GB DDR4 | 128GB eMMC + M.2 SSD Expandable Slot | Win 11 Home |31Wh Battery | UHD Graphics 600 | Black",10990.0,5.0,,EBook,,,,Windows 11,11.6,Black
"acer Nitro V 15, AMD Ryzen 7-7445HS, NVIDIA GeForce RTX 4050-6 GB, 16GB DDR5, 512GB SSD, FHD IPS, 15.6""/39.62cm, 165Hz, Win 11 Home, Obsidian Black, 2.1KG, ANV15-42, Gaming Laptop",76990.0,3.8,,acer,,512GB SSD,Ryzen 7,Windows 11,15.6,Black
"HP 15, AMD Ryzen 3 7320U (8GB DDR4, 512GB SSD) FHD, Anti-Glare, Micro-Edge, 15.6''/39.6cm, Win11, M365 Basic(1yr)* Office24, Silver, 1.59kg, fc0500AU, FHD Camera w/Privacy Shutter Laptop",36990.0,4.0,,HP,,512GB SSD,Ryzen 3,Windows 11,15.6,Silver
"Lenovo V15 Intel Core i3 13th Gen (16GB RAM/512GB SSD/Windows 11 Home/Office 2024/Iron Grey) 15.6"" FHD (1920x1080) Antiglare 250 Nits Thin & Light Laptop/1Y Onsite/1.65 kg, 83CCA08KIN",44990.0,3.9,,Lenovo,16GB,512GB SSD,i3,Windows 11,15.6,Grey
"Dell 15, Intel Core i5 13th Gen-1334U, 16GB RAM, 1TB SSD, FHD, 15.6""/39.62cm, Windows 11, MSO 2024, Silver, 1.62kg, [Dell 15], Backlit Keyboard, 15 Month McAfee, Thin & Light, Laptop",58016.0,3.7,,Dell,16GB,1TB SSD,i5,Windows 11,15.6,Silver
"Primebook 2 Max 2025 (New Launch) | 8GB RAM, 256GB UFS Storage | 15.6-Inch Full HD IPS Display | 12hrs Battery | MediaTek Helio G99 | Android 15 (PrimeOS 3.0) | Backlit Keyboard | in-Built AI (Gray)",22990.0,4.3,,Primebook,8GB,,,,,Gray
"Primebook 2 Pro 2025 (New Launch) | 8GB RAM, 128GB UFS Storage | 14.1-Inch FHD IPS Display | 14 Hours Battery | MediaTek Helio G99 | Android 15 (PrimeOS 3.0) | Backlit Keyboard | in-Built AI (Aqua)",19990.0,4.4,,Primebook,8GB,,,,,
"ASUS Vivobook 15, Smartchoice, AMD Ryzen 7 5825U, 16GB RAM, 512GB SSD, FHD 15.6"", Windows 11, Office Home 2024, Quiet Blue, 1.7Kg, M1502YA-BQ703WS, AMD Radeon iGPU, M365 Basic (1Year)*, 42Whr Laptop",48990.0,4.3,,ASUS,16GB,512GB SSD,Ryzen 7,Windows 11,15.6,Blue
"HP 15 Consumer Series Laptop, Intel Core i3-1315U (13th Gen) 12GB DDR4 RAM,512GB NVMe SSD/ 15.6'' FHD Anti-Glare, Micro-Edge, Win11, M365 Basic(1yr)* Office24, Silver,1.59kg, FHD Camera with Shutter",40654.0,4.1,,HP,,,i3,Windows 11,15.6,Silver
"acer Aspire Go 14,14th Gen, Intel Core Ultra 5 125H, 16GB DDR5, 512GB, WUXGA IPS, 14.0""/35.56cm, Win 11, MS Office, Steel Gray, 1.5 kg, AG14-71M, Backlit KB, AI Powered Laptop",54516.0,3.6,,acer,,,,Windows 11,14.0,Gray
"ASUS Vivobook Go 14, AMD Ryzen 3 7320U, 8GB RAM, 512GB SSD, FHD 14"", Windows 11, Office Home 2024, Mixed Black, 1.38 kg, E1404FA-NK3325WS, AMD Radeon iGPU, M365 Basic (1Year)*, Thin & Light Laptop",34990.0,4.1,,ASUS,8GB,512GB SSD,Ryzen 3,Windows 11,14,Black
"Lenovo {SmartChoice)Chromebook Intel Celeron N4500 (4GB RAM/64GB eMMC 5.1/11.6 Inch (29.46cm)/HD Display/2Wx2 Stereo Speakers/HD Camera/Chrome OS/Blue/1.21Kg), 82UY0014HA",15990.0,3.8,,Lenovo,4GB,,,,11.6,Blue
"ASUS Gaming V16 (2025) 14th Gen,Intel Core 7 240H Gaming Laptop (RTX 4050-6GB/16GB RAM/512GB SSD/Windows 11 Home/16/144Hz/M365*/Office Home 2024, Matte Black,1.95 Kg),V3607VU-RP275WS",99990.0,4.2,,ASUS,16GB,512GB SSD,,Windows 11,,Black
"Lenovo Yoga Slim 7, Intel Core Ultra 5 125H, 16GB RAM, 512GB SSD, AI PC, WUXGA-OLED, 14""/35.5cm, Windows 11, Microsoft 365 Basic + Office 2024, Grey, 1.39Kg, 83CV00DFIN, AI Powered Laptop",84990.0,4.3,,Lenovo,16GB,512GB SSD,,Windows 11,14,Grey
"ASUS Vivobook 15 (2025), 13th Gen,Intel Core i3-1315U, 8GB RAM, 512GB SSD, FHD, 15.6"", 39.6 cm, Windows 11 Home,M365 Basic(1 Year)* Office 2024,Cool Silver,1.7 Kg, X1504VA-D5321WS, Thin & Light Laptop",38974.0,5.0,,ASUS,8GB,512GB SSD,i3,Windows 11,15.6,Silver
"Dell 14, AMD Ryzen AI R5-340, 16GB LPDDR5X, 512GB SSD, FHD+, 14""/35.56cm, Win11, MSO 2024, Ice Blue, 1.52 Kg, [Dell 14], 300 Nits IPS, AMD Radeon Graphics, Backlit+FPS Keyboard, AI Powered Laptop",73490.0,3.9,,Dell,,512GB SSD,,Windows 11,14,Blue
"Lenovo Yoga AMD Pro 7 Ryzen AI 9 365 (32GB RAM/1TB SSD/Copilot+PC/14.5""(36.8cm)/2.8K WQXGA+OLED/120Hz/Windows11/Office Home 2024/Grey/1.54Kg), 83HN0027IN AI Laptop",129990.0,3.8,,Lenovo,32GB,1TB SSD,,Windows 11,14.5,Grey
"HP OmniBook 5 OLED (Previously Pavilion), Snapdragon X Processor (16GB LPDDR5x, 512GB SSD) 2K, 14''/35.6cm, Win11, M365 Basic(1yr)* Office24, Silver, 1.35kg, he0014QU, Light-Weight, Next-Gen AI Laptop",66990.0,4.1,,HP,,512GB SSD,,Windows 11,14,Silver
"MSI Thin 15, Intel 13th Gen. Core i5-13420H, 40CM FHD 144Hz Gaming Laptop(16GB/512GB NVMe SSD/Windows 11 Home/NVIDIA GeForce RTX 3050,GDDR6 4GB/Cosmos Gray/1.86Kg), B13UC-1805IN",60990.0,4.1,,MSI,,,i5,Windows 11,,Gray
"acer Aspire 3, Intel Core Celeron N4500, 12GB LPDDR4X RAM, 512GB SSD, HD, 15.6""/39.62cm, Windows 11 Home, Pure Silver, 1.5KG, A325-45, Thin and Light Laptop",26990.0,3.4,,acer,,512GB SSD,,Windows 11,15.6,Silver
"ASUS Vivobook 15, Intel Core i3 13th Gen 1315U, 16GB RAM, 512GB SSD, FHD 15.6"", Touchscreen, Win11, Office Home 2024, M365 Basic (1Year)*, Quiet Blue, 1.7Kg, X1504VA-E83959WS, Intel UHD iGPU, Laptop",44990.0,4.2,,ASUS,16GB,512GB SSD,i3,Windows 11,15.6,Blue
Thomson NEO 14.1 Inch IN-P14C Intel Celeron Dual Core N4020 Processor & Window 11 Home Notebook (4 GB RAM DDR4/ 128 GB SSD/Numeric Touch Pad/Thin & Light Weight/Silver),12990.0,1.0,,Thomson,4GB,128 GB SSD,,,14.1,Silver
"ASUS TUF A16 (2025), AMD Ryzen 7 7445HS, Gaming Laptop (RTX 4050-6GB/140W TGP/16GB RAM/1TB SSD/FHD+/16""/144Hz/56Whrs/Windows 11/M365 Basic (1Year)*/Office Home 2024/Mecha Gray/2.2Kg) FA607NUG-RL189WS",102990.0,4.1,,ASUS,16GB,1TB SSD,Ryzen 7,Windows 11,16,Gray
"ASUS Vivobook S16,14th Gen, Intel Core 5-210H,Metallic Design Laptop(Intel UHD iGPU/16GB RAM/512GB SSD/FHD+/16""/144Hz/Windows 11/M365 Basic(1Year)*/Office Home 2024/Silver/1.7Kg) S3607VA-RP114WS",67990.0,4.4,,ASUS,16GB,512GB SSD,,Windows 11,16,Silver
"HP 15, 13th Gen Intel Core i5-1334U, (16GB DDR4,512GB SSD) Anti-Glare, Micro-Edge, FHD, 15.6''/39.6cm, Win11, M365 Basic(1yr)* Office24, Silver, 1.59kg, fd0577TU, Iris Xe, FHD Camera w/Shutter Laptop",54990.0,3.9,,HP,,512GB SSD,i5,Windows 11,15.6,Silver
"ASUS TUF A15 (2025), AMD Ryzen 7 7445HS, Gaming Laptop(RTX 3050,75W TGP,16GB DDR5(Upgradeable Upto 64GB )512GB SSD,FHD,15.6"",144Hz,RGB Keyboard,48Whrs,Windows 11,Graphite Black,2.3 Kg) FA506NCG-HN199W",71990.0,4.2,,ASUS,,512GB SSD,Ryzen 7,Windows 11,15.6,Black
Thomson NEO 14.1 Inch IN-P14C Intel Celeron Dual Core N4020 Processor & Window 11 Notebook (8 GB RAM DDR4/ 256 GB SSD/Numeric Touch Pad/1MP Webcam/Silver),14990.0,3.0,,Thomson,8GB,256 GB SSD,,,14.1,Silver
"Walker Best Student & Office Work Laptop|Thin & Light|15.6"" 1920 * 1080 Resolution FHD IPS Display |8GB RAM,256 GB SSD|Intel Celeron Processor N4020 | Windows 11 Home |Silver",16990.0,2.9,,Walker,8GB,256 GB SSD,,Windows 11,15.6,Silver
"ASUS Vivobook 15, Smartchoice,Intel Corei5 13thGen 13420H, 16GB RAM, 512GB SSD, FHD 15.6"", Win11, Office Home'24, M365 Basic (1Year)*, Cool Silver, 1.70kg, X1502VA-BQ835WS, Intel UHD iGPU, Laptop",56990.0,4.2,,ASUS,16GB,512GB SSD,i5,Windows 11,15.6,Silver
ULTIMUS APEX Laptop Intel Pentium Quad Core 8 GB DDR3 512 GB SSD Expandable~1TB 14.1 HD IPS Laptop Anti-Glare Ultra Thin Bezel 180° Hinge 3.0x3 USB HDMI SD Card Slot Win 11 Home 1.25KG Silver,18990.0,3.4,,ULTIMUS,,512 GB SSD,,Windows 11,,Silver
"Lenovo IdeaPad Slim 3 12th Gen Intel Core i5-12450H 15.6 Inch (39.6cm) FHD Thin & Light Laptop (16GB/512GB SSD/Windows 11/Office Home 2024/3months Game Pass/Arctic Grey/1.62Kg), 83ER00MCIN",52400.0,4.3,,Lenovo,,512GB SSD,i5,Windows 11,15.6,Grey
"JioBook 11 with Lifetime Office | Android 4G Laptop Mediatek 8788 (JioOS) | Octa-core | 4GB RAM | 64 eMMC Storage | Thin and Light Laptop (11.6 inch, 990 Grams) | Dual Band WiFi + SIM | Blue",10990.0,2.9,,JioBook,4GB,,,,11.6,Blue
"HP Smartchoice OmniBook 5 (Previously Pavilion) 50 TOPS, AMD Ryzen AI 7 350 (16GB LPDDR5X, 512GB SSD) WUXGA 2K, Touch, 16''/40.6cm, Win11,Office24, Silver, 1.8kg, ag1048au, Next-Gen AI Copilot+ Laptop",80990.0,4.0,,HP,,512GB SSD,,Windows 11,16,Silver
"ThinkPad L430 Business Laptop | Core i5-3320M | 8GB RAM | 128GB SSD | Win10 Pro | 14inch | Office Ready (8, GB)",12990.0,1.0,,ThinkPad,8GB,128GB SSD,i5,Windows 10,14,
"HP 14s Intel Celeron Dual Core N4500 Laptop (8GB/512GB SSD/Win 11) 14.0"" HD Display, MSO 24, Black, 1.46kg, DQ3149TU Thin and Light Business Laptop",28690.0,3.4,,HP,,512GB SSD,,Windows 11,14.0,Black
"Lenovo ThinkBook 16, AMD Ryzen 7 7735HS, 16GB RAM, 512GB SSD, WUXGA IPS 16"", Windows 11 Home, 1.7kg, 21MWA0AUIN, Backlit Keyboard, Fingerprint, 300 Nits, 1Y Warranty, Aluminium Top Laptop",57990.0,3.7,,Lenovo,16GB,512GB SSD,Ryzen 7,Windows 11,16,
"Lenovo IdeaPad 5 2-in-1 AMD Ryzen AI 7 350 (24GB RAM/1TB SSD/14 (35.5cm)/WUXGA OLED/Windows 11/Lenovo AI Now/Copilot+PC/Office Home 2024/Digital Pen 2/Grey/1.5Kg), 83KT000LIN Convertible Laptop",99990.0,4.1,,Lenovo,24GB,1TB SSD,,Windows 11,,Grey
"HP Victus, 14th Gen Intel Core i5-14450HX, 6GB RTX 3050, 24GB DDR5, 512GB SSD, FHD, 144Hz, IPS, 300 nits, 15.6''/39.6cm, Win11, M365* Office24, Mica Silver, 2.3kg, fa2303tx, RGB Gaming Laptop",80490.0,3.8,,HP,,512GB SSD,i5,Windows 11,15.6,Silver
"HP 14, Intel Core Ultra 7 155H (24GB DDR5, 1TB SSD), Micro-Edge, Anti-Glare, FHD, 14''/35.6cm, Win11, M365* Office24, Silver, 1.4kg, ep1181TU, FHD Camera, Backlit Laptop",83250.0,3.0,,HP,,1TB SSD,,Windows 11,14,Silver
"HP Smartchoice Victus, 13th Gen Intel Core i7-13620H, 8GB RTX 5050, 24GB DDR5(Upgradeable) 1TB SSD, 144Hz, FHD, 15.6''/39.6cm, Win11, M365* Office24, Mica Silver, 2.29kg, fa2309TX, RGB Gaming Laptop",109990.0,4.0,,HP,,1TB SSD,i7,Windows 11,15.6,Silver
"HP 15, 13th Gen Intel Core i7-1355U (16GB DDR4, 512GB SSD) FHD, Anti-Glare, 15.6’’/39.6cm, Win11, M365(1yr)* Office 24, Silver, 1.59kg, Iris Xe, FHD Camera w/Shutter, Backlit Laptop fd0468tu/fd0515tu",67990.0,4.0,,HP,,512GB SSD,i7,Windows 11,,Silver
"HP Victus, AMD Ryzen 7 7445HS, 4GB RTX 2050, 16GB DDR5(Upgradable) 512GB SSD, FHD, 144Hz, 300 nits, IPS, 15.6''/39.6cm, Win11, M365* Office24, Mica Silver, 2.29kg, fb3123AX, Backlit, Gaming Laptop",62990.0,4.3,,HP,,512GB SSD,Ryzen 7,Windows 11,15.6,Silver
"HP 15, Intel Core Ultra 5 125H (16GB DDR5, 1TB SSD) FHD, IPS, 15.6''/39.6cm, Win11, M365 Basic(1yr)*Office24, Silver, 1.65kg, fd1354TU, Intel Arc Graphics, FHD Camera w/Shutter, AI Powered Laptop",66490.0,4.0,,HP,,1TB SSD,,Windows 11,15.6,Silver
"DELL 14 (2026) Intel Core 3 14th Gen 100U - (16 GB DDR5/512 GB SSD/Intel UHD Graphics/Windows 11 Home) Thin and Light Business Laptop/14.0"" FHD+ IPS Display/Ice Blue/1.4 kg/MSO 2021",44100.0,5.0,,DELL,,512 GB SSD,,Windows 11,14.0,Blue
"HP Professional 14 (2025), Intel Core i3 13th Gen 1315U - (16 GB/512 GB SSD/Intel UHD Graphics/Windows 11 Pro) Thin and Light Business Laptop/14.0"" HD Display/Turbo Silver/1.4 Kg/MSO 2021",44100.0,5.0,,HP,,512 GB SSD,i3,Windows 11,14.0,Silver
"Lenovo IdeaPad Slim 3, 12th Gen Intel Core i5-12450H (16GB LPDDR5, 512GB SSD), Anti-glare, FHD 15.6""(39.6cm), Win 11, Office Home 2024, Arctic Grey, 1.62Kg, 83ER00MDIN, Thin & Light, Backlit KB Laptop",52430.0,4.2,,Lenovo,,512GB SSD,i5,Windows 11,15.6,Grey
Microsoft New Surface Pro (11th Edition) - Windows 11 Home Copilot + PC - 13” OLED PixelSense Touchscreen - Qualcomm Snapdragon X Elite (12 Core) - 32GB RAM - 1TB SSD - Platinum - ZID-00014,243990.0,2.9,,Microsoft,32GB,1TB SSD,,Windows 11,,
"Lenovo LOQ, AMD Ryzen 5 7235HS, RTX 3050-6GB, 24GB RAM, 512GB SSD, FHD, 15.6""/39.6cm, 144Hz, Windows 11, Office Home 2024, Grey, 2.4Kg, 3 Mon. Game Pass, 83JC00EFIN, Gaming Laptop",76990.0,4.3,,Lenovo,24GB,512GB SSD,Ryzen 5,Windows 11,15.6,Grey
"Samsung Galaxy Book 4 15.6"" Full HD | Intel Core i5 1335U | 16GB RAM | 512GB SSD | Win 11 Home | MS Office'2024 | Fingerprint Reader | Intel Iris XE Graphics | Backlit Keyboard |NP750XGJ-LS6IN |Silver",55555.0,4.8,,Samsung,16GB,512GB SSD,i5,Windows 11,15.6,Silver
"HP Victus, 13th Gen Intel Core i7-13620H, 8GB RTX 5060, 24GB DDR5(Upgradeable) 1TB SSD, 144Hz, 300nits, IPS, FHD, 15.6""/39.6cm, Win11, M365* Office 24, Mica Silver, 2.29Kg, fa2308TX, RGB Gaming Laptop",119490.0,4.2,,HP,,1TB SSD,i7,Windows 11,15.6,Silver
"HP Omen, AMD Ryzen 9 8940HX, 8GB RTX 5070, 24GB DDR5(Upgradeable) 1TB SSD, 165Hz, 2k WUXGA, 3ms, 400 nits, 16''/40.6cm, Win11, M365* Office24, Black, 2.44kg, ap0182AX, RGB, AI Gaming Laptop",169990.0,4.2,,HP,,1TB SSD,Ryzen 9,Windows 11,16,Black
"ASUS Zenbook 14,Intel Core Ultra 7 (Series 2), Intel Arc iGPU,32GB,1TB,3K OLED Touch Screen,14"",Windows 11,M365 Basic (1Year)*,Office 2024,Ponder Blue,1.28 kg UX3405CA-PZ163WS, Thin & Light Laptop",119990.0,4.1,,ASUS,,,,Windows 11,14,Blue
"Lenovo IdeaPad Slim 1 AMD Ryzen 5 5500U 15.6"" HD Thin and Light Laptop (8GB/512GB SSD/Windows 11 Home/Office Home 2024/1 Year ADP Free/Grey/1.6Kg), 82R4011MIN",38490.0,4.0,,Lenovo,,512GB SSD,Ryzen 5,Windows 11,15.6,Grey
"HP Pavilion x360, 13th Gen Intel Core i5-1335U (16GB DDR4, 1TB SSD) FHD, 14''/35.6 cm, Touchscreen 2-in-1, Win 11, Office 21, Silver, 1.51 kg, ek1010TU/1149tu, FPR, 5MP Camera, B&O, Backlit Laptop",77490.0,3.9,,HP,,1TB SSD,i5,Windows 11,14,Silver
"acer SmartChoice ALG, 13th Gen Intel Core i5-13420H, NVIDIA GeForce RTX 3050-6GB DDR6, 16GB RAM, 512GB SSD, FHD 15.6""/39.62 cm, 144Hz, Windows 11 Home, Steel Gray, 1.99 KG, AL15G-53,Gaming Laptop",62990.0,4.0,,acer,16GB,512GB SSD,i5,Windows 11,15.6,Gray
"Portable Touchscreen, 15.6"" 1080P 60Hz Laptop Monitor, Lightweight Dual USB C HDMI Second Gaminig Display with Speakers, Travel Monitor for PS4/5 Xbox Switch MAC PC Phone",16999.0,4.1,,Portable,,,,,15.6,
"Dell 15, Intel Core 3 14th Gen-100U, 16GB DDR4, 512GB SSD, FHD IPS, 15.6""/39.62cm, Win 11, Office H&S 2024, Carbon Black, 1.63Kg, [Dell 15], Intel UHD Graphics, 120Hz 250 nit, Thin & Light, Laptop",44300.0,3.9,,Dell,,512GB SSD,,Windows 11,15.6,Black
"Acer Aspire Lite, AMD Ryzen 7-7730U, 16 GB RAM, 512 GB SSD, Full HD IPS,15.6""/39.62 cm, Windows 11 Home, MS Office, Steel Gray, 1.59 KG, AL15-41, Thin and Light Laptop",46990.0,4.0,,Acer,16GB,512 GB SSD,Ryzen 7,Windows 11,15.6,Gray
"HP Smartchoice Victus, 13th Gen i7-13620H, 6GB RTX 4050, 16GB DDR4(Upgradeable) 512GB SSD, 144Hz, 300nits, FHD, 15.6''/39.6cm, Win11, M365* Office24, Mica Silver, 2.3kg, fa2100/03/04tx, Gaming Laptop",92990.0,4.0,,HP,,512GB SSD,i7,Windows 11,15.6,Silver
"Dell 15, Intel Core i3 13th Gen -1305U, 16GB DDR4, 512GB SSD, FHD, 15.6""/39.6cm, Windows 11, Office H&S 2024, Carbon Grey, 1.66Kg, [Vostro 3530], Intel UHD Graphics, Narrow Border, Thin & Light Laptop",40990.0,3.9,,Dell,,512GB SSD,i3,Windows 11,15.6,Grey
"Lenovo LOQ, Intel Core i7 13th Gen 13700HX, NVIDIA RTX 5060 8GB, 16GB RAM, 1TB SSD, 15.6""(39.6cm), 144Hz, Windows 11, Office 2024, Grey, 2.4Kg, 83JE00U4IN, 572 AI Tops, 3 Mon. Game Pass Gaming Laptop",127990.0,4.1,,Lenovo,16GB,1TB SSD,i7,Windows 11,15.6,Grey
"HP Omen, Intel Core i7-14650HX 14th Gen, 8GB RTX 5050, 24GB DDR5(Upgradeable) 1TB SSD, 165Hz, 2k WUXGA, 3ms, 400 nits, 16''/40.6cm, Win11, M365* Office24, Black, 2.43kg, am0241TX, RGB Gaming Laptop",138990.0,4.3,,HP,,1TB SSD,i7,Windows 11,16,Black
"HP Laptop 15, Intel Core i5-1335U-13th Gen, (16GB DDR4,512GB SSD) Anti-Glare, Micro-Edge, FHD, 15.6''/39.6cm, Win11, M365 Basic(1yr)* Office24, Silver, 1.59kg, Iris Xe, FHD Camera w/Shutter",55990.0,4.0,,HP,,512GB SSD,i5,Windows 11,15.6,Silver
"Lenovo IdeaPad Slim 3 AMD Ryzen 7 8840HS 15.3 inch (38.8cm) WUXGA IPS Laptop (16GB RAM/512GB SSD/Windows 11/Office Home 2024/Backlit Keyboard/1Yr ADP Free/Grey/1.6Kg), 83KA004SIN",67490.0,4.8,,Lenovo,16GB,512GB SSD,Ryzen 7,Windows 11,15.3,Grey
"Dell SmartChoice G15-5530, Intel Core i5 13th Gen-13450HX, NVIDIA RTX 3050-6GB, 16GB RAM, 1TB SSD, FHD, 15.6""/39.62cm, 120Hz, Windows 11, MS Office 24, Dark Shadow Grey, 2.65Kg, Gaming Laptop",79990.0,4.0,,Dell,16GB,1TB SSD,i5,Windows 11,15.6,Grey
"Lenovo 14 (2025), Intel Core i5 13th Gen 13420H - (16 GB/512 GB SSD/Intel UHD Graphics/Windows 11 Pro) Thin and Light Business Laptop/14.0"" FHD Display/Iron Grey/1.4 kg/Microsoft Office 2021",53700.0,3.9,,Lenovo,,512 GB SSD,i5,Windows 11,14.0,Grey
"acer Aspire Lite 12th Gen Intel Core i3-1215U Premium Metal Laptop (Windows 11 Home/16 GB RAM/512GB SSD) AL15-52, 39.62cm (15.6"") Full HD Display, Metal Body, Steel Gray, 1.59 Kg",37990.0,4.0,,acer,16GB,512GB SSD,i3,Windows 11,15.6,Gray
"ASUS Vivobook Go 14, AMD Ryzen 5 7520U, 8GB RAM, 512GB SSD, FHD 14""(1920 x 1080), Windows 11, Office Home 2024, M365 Basic (1Year)*, Black, 1.38kg, E1404FA-EB2522WS, AMD Radeon iGPU Laptop",37576.0,5.0,,ASUS,8GB,512GB SSD,Ryzen 5,Windows 11,14,Black
"Lenovo Yoga Slim 7 (Smartchoice) Intel Core Ultra 9 185H 14""(35.5cm) WUXGA-OLED Laptop (32GB RAM/1TB SSD/AI PC/Windows 11/Microsoft 365 Basic + Office Home 2024/1Yr ADP Free/Grey/1.39Kg), 83CV00B3IN",109990.0,4.1,,Lenovo,32GB,1TB SSD,,Windows 11,14,Grey
"HP 15 Laptop, AMD Ryzen 5 7520U (16GB DDR5,512GB SSD) Win11,M365 Basic(1yr)*Office Home24, Anti-Glare,15.6''/39.6cm,FHD,Backlit KB,FHD Camera w/Privacy Shutter,Radeon Graphics, Silver,1.59kg FC0690AU",45990.0,4.0,,HP,,512GB SSD,Ryzen 5,Windows 11,15.6,Silver
"Lenovo V14 Intel Core i5 13th Gen 14"" FHD (1920x1080) Antiglare 250 Nits Thin and Light Laptop (16GB RAM/512GB SSD/Windows 11 Home/Office 2024/Iron Grey/1.43 kg), 83A0A0PTIN",53899.0,3.8,,Lenovo,16GB,512GB SSD,i5,Windows 11,14,Grey
"SAMSUNG Galaxy Book4 Edge Laptop 15.6"" FHD Anti-Glare Qualcomm 8-core Snapdragon X (Up to 45 Tops) 16GB RAM 512GB SSD for Creator Designer Business Professional Win11 ICP Hub w/Copilot+ AI",58490.0,4.4,,SAMSUNG,16GB,512GB SSD,,Windows 11,15.6,
"Cable World® Educational Laptop Computer Toy for Kids Above 3 Years - 20 Fun Activity Learning Machine, Now Learn Letter, Words, Games, Mathematics, Music, Logic, Memory Tool",699.0,3.8,,Cable,,,,,,
"MSI Thin A15, Ryzen 5 7535HS, 40CM FHD 144Hz Gaming Laptop(16GB/512 GB NVMe SSD/Windows 11 Home/NVIDIA GeForce RTX 3050, GDDR6 4GB /Cosmos Gray/1.86Kg), B7UC-067IN",62990.0,4.0,,MSI,,,Ryzen 5,Windows 11,,Gray
"Thomson 15.6 Inch In-N15I Windows 11, Intel Corei3 12Th Gen 1215U (8GB DDR / 512GB SSD/Backlight Keyboard) Window 11 (Stylish, 1.65Kg, Ultra Performance/Grey Brush) Notebook",26490.0,2.5,,Thomson,,512GB SSD,i3,Windows 11,15.6,Grey
"ASUS Vivobook Go 15, AMD Ryzen 5 7520U Thin & Light Laptop(AMD Radeon iGPU/8GB RAM/512GB SSD/FHD/15.6""/60Hz/Windows 11/M365 Basic (1Year)*/Office Home 2024/Cool Silver/1.63 Kg) E1504FA-NJ132WS",37990.0,4.0,,ASUS,8GB,512GB SSD,Ryzen 5,Windows 11,15.6,Silver
"ASUS Vivobook Go 15, 7000 Series, AMD Ryzen 3 7320U, 8 GB RAM, 512GB SSD, FHD, Anti-Glare, 15.6"", 39.6 cm, Windows 11 Home, M365 Basic(1yr)* Office24, Cool Silver, 1.63 kg, E1504FA-BQ2321WS, Laptop",34990.0,3.8,,ASUS,8GB,512GB SSD,Ryzen 3,Windows 11,15.6,Silver
"ASUS Vivobook 15,13th Gen,Intel Core i7-13620H(Intel UHD iGPU/16GB RAM/1TB SSD/FHD/15.6""/60Hz/Backlit Keyboard/42Whr/Windows 11/M365 Basic (1Year)*/Office Home 2024/Quiet Blue/1.7 Kg)X1502VA-BQ1298WS",67990.0,4.0,,ASUS,16GB,1TB SSD,i7,Windows 11,15.6,Blue
"HP 15, AMD Ryzen 7 5825U (16GB DDR4, 512GB SSD) FHD, Anti-Glare, Micro-Edge,15.6''/39.6cm, Win11, M365(1yr)* Office24, Silver, 1.59kg, fc0476AU, Radeon Graphics, FHD Camera w/Shutter, Backlit Laptop",49990.0,4.0,,HP,,512GB SSD,Ryzen 7,Windows 11,15.6,Silver
"ASUS Vivobook Go 15, 7000 Series, AMD Ryzen 3 7320U, 8 GB RAM, 512GB SSD, FHD, Anti-Glare, 15.6"", 39.6 cm, Windows 11 Home, M365 Basic(1yr)* Office24, Mixed Black, 1.63 kg, E1504FA-BQ2322WS, Laptop",38990.0,4.1,,ASUS,8GB,512GB SSD,Ryzen 3,Windows 11,15.6,Black
"Lenovo IdeaPad Flex 5 AMD Ryzen 5 5625U (16GB RAM/512GB SSD/14 (35.5cm)/WUXGA IPS/Windows 11/Office Home 2024/Lenovo Digital Pen/1Yr ADP/Grey/1.5Kg), 82XX00G4IN Convertible Laptop",54990.0,4.2,,Lenovo,16GB,512GB SSD,Ryzen 5,Windows 11,,Grey
"HP Victus, AMD Ryzen 7 7445HS, 6GB RTX 4050, 16GB DDR5(Upgradeable) 512GB SSD, 144Hz, IPS, 300nits, FHD, 15.6''/39.6cm, Win11, M365* Office24, Blue, 2.29kg, fb3130AX, Backlit, DTS Audio, Gaming Laptop",87990.0,3.9,,HP,,512GB SSD,Ryzen 7,Windows 11,15.6,Blue
"acer Professional 14[New Launch], 13th Gen Intel Core i7-1355U Turbo Boost, 32GB DDR4, 1TB SSD, Win11 Pro, MSO21, 14inch FHD Laptop, 3 Year Warranty, 1 Year Anti Virus, Fingerprint, Backlit KB",83690.0,4.1,,acer,,1TB SSD,i7,Windows 11,14,
Ultimus Pentium Quad Core Laptop|Student & Office Work Laptop|Dual Storage eMMC+SSD Expandable~1TB|1.2Kg|180° Hinge|Win 11 Home|4GB RAM 128GB|HDMI SD Card Slot | ‎Dual Speaker|Matt Silver,12990.0,2.4,,Ultimus,4GB,,,Windows 11,,Silver
"Dell Inspiron 3530, Intel Core i7 13th Gen -1355U, 16GB RAM, 512GB SSD, FHD, 15.6""/39.62cm, Windows 11, Office H&S 2024, Silver, 1.62kg, Inspiron 3530, Backlit KB, M365, 15 Month McAfee Laptop",69490.0,3.8,,Dell,16GB,512GB SSD,i7,Windows 11,15.6,Silver
"Dell 14, Intel 14th Generation Intel Core 5, 16 GB:DDR5 RAM, 512GB, FHD+ 14""/35.56cm 300 Nits Display, Backlit Keyboard + FPR, Win 11, Office H&S 2024, Platinum Silver, 1.54Kg Thin & Light Laptop",62990.0,3.9,,Dell,,,,Windows 11,14,Silver
"Lenovo IdeaPad Slim 1, AMD Ryzen 5 5500U, 16GB RAM, 512GB SSD, HD, 15.6"", Windows 11 Home, MS Office 21, Cloud Grey, 1.61Kg, 82R400ERIN, Integrated AMD Graphics, 1Yr ADP Free, Thin and Light Laptop",41000.0,4.0,,Lenovo,16GB,512GB SSD,Ryzen 5,Windows 11,15.6,Grey
"ASUS Vivobook 15, 13th Gen, Intel Core i3-1315U, 16GB RAM, 512GB SSD, FHD, Anti-Glare, 15.6"", 39.6 cm, Windows 11 Home, M365 Basic(1yr)* Office24, Quiet Blue, 1.70 kg, X1504VA-BQ342WS, Laptop",41990.0,4.2,,ASUS,16GB,512GB SSD,i3,Windows 11,15.6,Blue
"Dell 15, Intel Core 3, 14th Gen-100U, 8GB DDR4, 512GB SSD, FHD IPS, 15.6""/39.62cm, Win 11, Office H&S 2024, Carbon Black, 1.63Kg, Dell 15, Intel UHD Graphics, 120Hz 250 nit, Thin & Light, Laptop",39990.0,4.0,,Dell,,512GB SSD,,Windows 11,15.6,Black
"Dell 15, AMD Ryzen 7-7730U, 16GB DDR4, 512GB SSD, FHD, 15.6""/39.6cm, Windows 11, MSO-24, Platinum Silver, 1.63Kg, [Dell 15], 120Hz 250nits, AMD Radeon Graphics, Standard Keyboard, Thin & Light, Laptop",51990.0,3.6,,Dell,,512GB SSD,Ryzen 7,Windows 11,15.6,Silver
"Lenovo V15 G4 AMD Athlon Silver 7120U Laptop 8GB LPDDR5 Ram, 512 GB SSD PCIe, Windows 11/MS Office,15.6"" FHD Screen, AMD Radeon 610M, Silver, 1 Year Brand Warranty",32999.0,3.9,,Lenovo,,512 GB SSD,,Windows 11,15.6,Silver
"acer Professional14[New Launch], AMD Ryzen5 7430U Turbo Boost, 16GB DDR4, 512GB SSD, Win11 Pro, MSO21, 3 Year Warranty, IPS 14"" FHD HDR Laptop, Metal Body, Anti Virus",47990.0,4.0,,acer,,512GB SSD,Ryzen5,Windows 11,14,
"HP 255 G10 Laptop for Home or Work, 16GB RAM DDR5, 512GB SSD, 15.6"" Full HD, Ryzen 3 7335U (Beats Intel i5-1135G7), HDMI, USB-C, Windows 11",40200.0,4.3,,HP,16GB,512GB SSD,Ryzen 3,Windows 11,15.6,
"Wembley Educational Laptop for Kids Toys for 2-5 Years Learning Activity Computer Educational Toy for 3 Years Old Boy Learn Alphabet,Letter,Words,Games,Mathematics,Music,Logic Memory Tool,Multicolour",839.0,3.9,,Wembley,,,,,,
"HP 15s, 12th Gen Intel Core i3-1215U Laptop (8GB DDR4, 512GB SSD) Anti-Glare, 15.6""/39.6cm, FHD, Win 11, MS Office 21, Silver, 1.69kg, Intel UHD Graphics, HD Camera, Dual Speakers, fy5011TU",40990.0,3.9,,HP,,512GB SSD,i3,Windows 11,15.6,Silver
"acer Aspire Lite, 12th gen, Intel Core i5-12450H Processor, 16 GB, 512GB, Full HD IPS, 15.6""/39.62 cm, Windows 11 Home, MSO, Pure Silver, 1.70 kg, AL15-52H, Backlit Keyboard",48990.0,4.0,,acer,,,i5,Windows 11,15.6,Silver
"ASUS Chromebook CX1405, Intel Celeron N4500, 8GB RAM, 128GB, FHD 14""(35.56cm), Chrome OS, Quiet Blue, 1.4Kg, CX1405CKA-S60394, Intel UHD Graphics, 42WHrs, Thin & Light Laptop",25990.0,3.5,,ASUS,8GB,,,,14,Blue
"HP Pavilion Plus, Intel Core i5-1335U-13th Gen Laptop, (16GB LPDDR5x,512GB SSD),IPS, 300 nits, 14''(35.6cm) 2K,Win 11, M365 Basic(1yr), Office Home 24, Silver,1.38kg, 5MP Camera w/Shutter, ew0107TU",61990.0,3.6,,HP,,512GB SSD,i5,Windows 11,14,Silver
"Lenovo V15 AMD Ryzen 7 7730U 15.6"" (39.62cm) FHD 250 Nits Antiglare Thin and Light Laptop (16GB/512GB SSD/Windows 11/Iron Grey/1.65 Kg) Grey",49999.0,4.2,,Lenovo,,512GB SSD,Ryzen 7,Windows 11,15.6,Grey
"ASUS Vivobook 14, Intel Core i3 13th Gen 1315U, 8GB RAM, 512GB SSD, FHD 14"", Windows 11, Office Home 2024, Cool Silver, 1.40kg, X1404VA-NK761WS, Intel UHD, M365 Basic (1Year)*, Backlit Keyboard Laptop",35990.0,3.9,,ASUS,8GB,512GB SSD,i3,Windows 11,14,Silver
"Dyazo 6 Angle Foldable & Portable Laptop Riser Stand Made with Aluminum Alloy |Compatible for Dell, Mac Book Air/Pro, Lenovo Acer Hp Asus & Other Laptop from 11.6 inch to 15.6 Inches- Black",368.0,4.3,,Dyazo,,,,,11.6,Black
Microsoft New Surface Pro (11th Edition) - Windows 11 Home Copilot + PC - 13” OLED PixelSense Touchscreen - Qualcomm Snapdragon X Elite (12 Core) - 16GB RAM - 1TB SSD - Black - ZIB-00031,180990.0,2.9,,Microsoft,16GB,1TB SSD,,Windows 11,,Black
Microsoft New Surface Pro (11th Edition) - Windows 11 Home Copilot + PC - 13” OLED PixelSense Touchscreen - Qualcomm Snapdragon X Elite (12 Core) - 16GB RAM - 512GB SSD - Black - ZIA-00031,165990.0,4.2,,Microsoft,16GB,512GB SSD,,Windows 11,,Black
"Microsoft New Surface Pro (11Th Edition)-Windows 11 Home Copilot + PC-13.8"" LCD Pixelsense Touchscreen Bluetooth,Wi-Fi-Qualcomm Snapdragon X Plus (10 Core)-16Gb Ram-512Gb Ssd-Black-Zhy-00032",134990.0,4.3,,Microsoft,16GB,512Gb Ssd,,Windows 11,13.8,Blue
"Dyazo Water Resistant Laptop Sleeve/Laptop case/laptop cover with Handle Compatible for 15 Inch to 15.6"" Inches laptops & Notebooks - Grey",298.0,4.3,,Dyazo,,,,,15,Grey
"Microsoft New Surface Pro(11Th Edition) Wi-Fi-Windows 11 Home Copilot + Pc -13"" OLED Pixelsense Touchscreen -Qualcomm Snapdragon X Elite(12 Core) -16Gb Ram -512Gb Ssd -Platinum - ZIA-00014",169990.0,4.2,,Microsoft,16GB,512Gb Ssd,,Windows 11,13,
"Lenovo LOQ, AMD Ryzen 5 7235HS, RTX 3050A-4GB, 12GB RAM, 512GB SSD, [FHD], 15.6""/39.6cm, 144Hz, Windows 11, Office Home 2024, Grey, 2.4Kg, 83JC00HNIN, 3 Mon. Game Pass, Gaming Laptop",63016.0,4.1,,Lenovo,12GB,512GB SSD,Ryzen 5,Windows 11,15.6,Grey
